,President,Date,GDP
0,John Fitzgerald Kennedy,1961-02-01,97.991416597633
1,John Fitzgerald Kennedy,1961-03-01,98.0386439433185
2,John Fitzgerald Kennedy,1961-04-01,98.1641886692749
3,John Fitzgerald Kennedy,1961-05-01,98.3472413494408
4,John Fitzgerald Kennedy,1961-06-01,98.5693273932474
5,John Fitzgerald Kennedy,1961-07-01,98.8137755150548
6,John Fitzgerald Kennedy,1961-08-01,99.0670470181158
7,John Fitzgerald Kennedy,1961-09-01,99.3180520736973
8,John Fitzgerald Kennedy,1961-10-01,99.5563941179473
9,John Fitzgerald Kennedy,1961-11-01,99.7718975405054
10,John Fitzgerald Kennedy,1961-12-01,99.9546011342842
11,John Fitzgerald Kennedy,1962-01-01,100.095957968024
12,John Fitzgerald Kennedy,1962-02-01,100.189100833088
13,John Fitzgerald Kennedy,1962-03-01,100.231658602749
14,John Fitzgerald Kennedy,1962-04-01,100.231600627224
15,John Fitzgerald Kennedy,1962-05-01,100.198908572458
16,John Fitzgerald Kennedy,1962-06-01,100.140010237606
17,John Fitzgerald Kennedy,1962-07-01,100.054317465927
18,John Fitzgerald Kennedy,1962-08-01,99.9392183889443
19,John Fitzgerald Kennedy,1962-09-01,99.7966717303598
20,John Fitzgerald Kennedy,1962-10-01,99.6415460325809
21,John Fitzgerald Kennedy,1962-11-01,99.4935547164219
22,John Fitzgerald Kennedy,1962-12-01,99.3700121097863
23,John Fitzgerald Kennedy,1963-01-01,99.2780130513173
24,John Fitzgerald Kennedy,1963-02-01,99.2202084105076
25,John Fitzgerald Kennedy,1963-03-01,99.1980187977877
26,John Fitzgerald Kennedy,1963-04-01,99.2121320705446
27,John Fitzgerald Kennedy,1963-05-01,99.2610519207158
28,John Fitzgerald Kennedy,1963-06-01,99.3367848919698
29,John Fitzgerald Kennedy,1963-07-01,99.4177517681953
30,John Fitzgerald Kennedy,1963-08-01,99.4815505665991
31,John Fitzgerald Kennedy,1963-09-01,99.5169963464449
32,John Fitzgerald Kennedy,1963-10-01,99.5370125661552
33,John Fitzgerald Kennedy,1963-11-01,99.5627724393835
34,Lyndon Baines Johnson,1963-12-01,99.6087797026261
35,Lyndon Baines Johnson,1964-01-01,99.6673994241583
36,Lyndon Baines Johnson,1964-02-01,99.7213481046178
37,Lyndon Baines Johnson,1964-03-01,99.7549413484994
38,Lyndon Baines Johnson,1964-04-01,99.7653774445122
39,Lyndon Baines Johnson,1964-05-01,99.7553085731872
40,Lyndon Baines Johnson,1964-06-01,99.7269170450661
41,Lyndon Baines Johnson,1964-07-01,99.6773476029878
42,Lyndon Baines Johnson,1964-08-01,99.6052228682499
43,Lyndon Baines Johnson,1964-09-01,99.5184741993329
44,Lyndon Baines Johnson,1964-10-01,99.4435655138442
45,Lyndon Baines Johnson,1964-11-01,99.410663741378
46,Lyndon Baines Johnson,1964-12-01,99.4381275039481
47,Lyndon Baines Johnson,1965-01-01,99.5140233572266
48,Lyndon Baines Johnson,1965-02-01,99.6159477472641
49,Lyndon Baines Johnson,1965-03-01,99.7270233306124
50,Lyndon Baines Johnson,1965-04-01,99.849853242466
51,Lyndon Baines Johnson,1965-05-01,99.9973086770757
52,Lyndon Baines Johnson,1965-06-01,100.182418688793
53,Lyndon Baines Johnson,1965-07-01,100.406406317877
54,Lyndon Baines Johnson,1965-08-01,100.66384733556
55,Lyndon Baines Johnson,1965-09-01,100.94487937246
56,Lyndon Baines Johnson,1965-10-01,101.234870256266
57,Lyndon Baines Johnson,1965-11-01,101.514936828765
58,Lyndon Baines Johnson,1965-12-01,101.761732440338
59,Lyndon Baines Johnson,1966-01-01,101.947906708033
60,Lyndon Baines Johnson,1966-02-01,102.048759501579
61,Lyndon Baines Johnson,1966-03-01,102.053236348099
62,Lyndon Baines Johnson,1966-04-01,101.980834410481
63,Lyndon Baines Johnson,1966-05-01,101.862510771683
64,Lyndon Baines Johnson,1966-06-01,101.727260762603
65,Lyndon Baines Johnson,1966-07-01,101.592393008819
66,Lyndon Baines Johnson,1966-08-01,101.465971244096
67,Lyndon Baines Johnson,1966-09-01,101.349454443626
68,Lyndon Baines Johnson,1966-10-01,101.239930628298
69,Lyndon Baines Johnson,1966-11-01,101.131442257568
70,Lyndon Baines Johnson,1966-12-01,101.016027058223
71,Lyndon Baines Johnson,1967-01-01,100.884909712478
72,Lyndon Baines Johnson,1967-02-01,100.731901287254
73,Lyndon Baines Johnson,1967-03-01,100.558112221126
74,Lyndon Baines Johnson,1967-04-01,100.378385102492
75,Lyndon Baines Johnson,1967-05-01,100.212603672506
76,Lyndon Baines Johnson,1967-06-01,100.077836785894
77,Lyndon Baines Johnson,1967-07-01,99.9798851416952
78,Lyndon Baines Johnson,1967-08-01,99.921005288078
79,Lyndon Baines Johnson,1967-09-01,99.9051237795506
80,Lyndon Baines Johnson,1967-10-01,99.9404325923353
81,Lyndon Baines Johnson,1967-11-01,100.035373448885
82,Lyndon Baines Johnson,1967-12-01,100.191152167057
83,Lyndon Baines Johnson,1968-01-01,100.390059208199
84,Lyndon Baines Johnson,1968-02-01,100.605869876234
85,Lyndon Baines Johnson,1968-03-01,100.811229667895
86,Lyndon Baines Johnson,1968-04-01,100.983994639181
87,Lyndon Baines Johnson,1968-05-01,101.107710357363
88,Lyndon Baines Johnson,1968-06-01,101.174542873393
89,Lyndon Baines Johnson,1968-07-01,101.191788737704
90,Lyndon Baines Johnson,1968-08-01,101.174488377443
91,Lyndon Baines Johnson,1968-09-01,101.141721168102
92,Lyndon Baines Johnson,1968-10-01,101.115575910799
93,Lyndon Baines Johnson,1968-11-01,101.113677543512
94,Lyndon Baines Johnson,1968-12-01,101.141495156801
95,Lyndon Baines Johnson,1969-01-01,101.183090953419
96,Richard Milhous Nixon,1969-02-01,101.214151165348
97,Richard Milhous Nixon,1969-03-01,101.214105017951
98,Richard Milhous Nixon,1969-04-01,101.179089927818
99,Richard Milhous Nixon,1969-05-01,101.111533619395
100,Richard Milhous Nixon,1969-06-01,101.012393064609
101,Richard Milhous Nixon,1969-07-01,100.875921309467
102,Richard Milhous Nixon,1969-08-01,100.694290765093
103,Richard Milhous Nixon,1969-09-01,100.464987439494
104,Richard Milhous Nixon,1969-10-01,100.201428469102
105,Richard Milhous Nixon,1969-11-01,99.9234439484351
106,Richard Milhous Nixon,1969-12-01,99.6504821389228
107,Richard Milhous Nixon,1970-01-01,99.3961427441461
108,Richard Milhous Nixon,1970-02-01,99.1695503978378
109,Richard Milhous Nixon,1970-03-01,98.9755108877096
110,Richard Milhous Nixon,1970-04-01,98.8127815017497
111,Richard Milhous Nixon,1970-05-01,98.6759623126082
112,Richard Milhous Nixon,1970-06-01,98.5551694021401
113,Richard Milhous Nixon,1970-07-01,98.433892461195
114,Richard Milhous Nixon,1970-08-01,98.3013937869617
115,Richard Milhous Nixon,1970-09-01,98.1650091744247
116,Richard Milhous Nixon,1970-10-01,98.0630893708806
117,Richard Milhous Nixon,1970-11-01,98.0384651957075
118,Richard Milhous Nixon,1970-12-01,98.1097195562106
119,Richard Milhous Nixon,1971-01-01,98.250303788943
120,Richard Milhous Nixon,1971-02-01,98.4088972323452
121,Richard Milhous Nixon,1971-03-01,98.5379354924217
122,Richard Milhous Nixon,1971-04-01,98.6208395793413
123,Richard Milhous Nixon,1971-05-01,98.6589430822219
124,Richard Milhous Nixon,1971-06-01,98.6614941624612
125,Richard Milhous Nixon,1971-07-01,98.6387260516293
126,Richard Milhous Nixon,1971-08-01,98.6031380135729
127,Richard Milhous Nixon,1971-09-01,98.5725244309893
128,Richard Milhous Nixon,1971-10-01,98.5738686565893
129,Richard Milhous Nixon,1971-11-01,98.6351986328544
130,Richard Milhous Nixon,1971-12-01,98.7752032933348
131,Richard Milhous Nixon,1972-01-01,98.9884296698122
132,Richard Milhous Nixon,1972-02-01,99.2568198723172
133,Richard Milhous Nixon,1972-03-01,99.5557421792122
134,Richard Milhous Nixon,1972-04-01,99.8559405159954
135,Richard Milhous Nixon,1972-05-01,100.132708117792
136,Richard Milhous Nixon,1972-06-01,100.374978430279
137,Richard Milhous Nixon,1972-07-01,100.596032411861
138,Richard Milhous Nixon,1972-08-01,100.820327125893
139,Richard Milhous Nixon,1972-09-01,101.071662994803
140,Richard Milhous Nixon,1972-10-01,101.361008819362
141,Richard Milhous Nixon,1972-11-01,101.687555673128
142,Richard Milhous Nixon,1972-12-01,102.036909283199
143,Richard Milhous Nixon,1973-01-01,102.376448056095
144,Richard Milhous Nixon,1973-02-01,102.666313169353
145,Richard Milhous Nixon,1973-03-01,102.871268379142
146,Richard Milhous Nixon,1973-04-01,102.976241920286
147,Richard Milhous Nixon,1973-05-01,102.979807029913
148,Richard Milhous Nixon,1973-06-01,102.894609016075
149,Richard Milhous Nixon,1973-07-01,102.754860698557
150,Richard Milhous Nixon,1973-08-01,102.596177997169
151,Richard Milhous Nixon,1973-09-01,102.439615574116
152,Richard Milhous Nixon,1973-10-01,102.277420904746
153,Richard Milhous Nixon,1973-11-01,102.089915793813
154,Richard Milhous Nixon,1973-12-01,101.862659957751
155,Richard Milhous Nixon,1974-01-01,101.605234202058
156,Richard Milhous Nixon,1974-02-01,101.335057238372
157,Richard Milhous Nixon,1974-03-01,101.063624478496
158,Richard Milhous Nixon,1974-04-01,100.78396467949
159,Richard Milhous Nixon,1974-05-01,100.48126340329
160,Richard Milhous Nixon,1974-06-01,100.143959434547
161,Richard Milhous Nixon,1974-07-01,99.7763094009082
162,Richard Milhous Nixon,1974-08-01,99.3890314644074
163,Gerald Rudolph Ford,1974-09-01,98.9923005487432
164,Gerald Rudolph Ford,1974-10-01,98.5903323570861
165,Gerald Rudolph Ford,1974-11-01,98.1881768920657
166,Gerald Rudolph Ford,1974-12-01,97.7987439271254
167,Gerald Rudolph Ford,1975-01-01,97.4496955955246
168,Gerald Rudolph Ford,1975-02-01,97.1729337225426
169,Gerald Rudolph Ford,1975-03-01,96.991509788467
170,Gerald Rudolph Ford,1975-04-01,96.9151358506468
171,Gerald Rudolph Ford,1975-05-01,96.939777002243
172,Gerald Rudolph Ford,1975-06-01,97.0529614267877
173,Gerald Rudolph Ford,1975-07-01,97.2314746462125
174,Gerald Rudolph Ford,1975-08-01,97.4521860355244
175,Gerald Rudolph Ford,1975-09-01,97.6979824707819
176,Gerald Rudolph Ford,1975-10-01,97.9605111051226
177,Gerald Rudolph Ford,1975-11-01,98.2342084931806
178,Gerald Rudolph Ford,1975-12-01,98.508809114627
179,Gerald Rudolph Ford,1976-01-01,98.7607000208638
180,Gerald Rudolph Ford,1976-02-01,98.9624146525852
181,Gerald Rudolph Ford,1976-03-01,99.0936030472707
182,Gerald Rudolph Ford,1976-04-01,99.1553595039091
183,Gerald Rudolph Ford,1976-05-01,99.1595328933348
184,Gerald Rudolph Ford,1976-06-01,99.1226826907105
185,Gerald Rudolph Ford,1976-07-01,99.063976783026
186,Gerald Rudolph Ford,1976-08-01,99.0022614644255
187,Gerald Rudolph Ford,1976-09-01,98.9546344436539
188,Gerald Rudolph Ford,1976-10-01,98.9351755388613
189,Gerald Rudolph Ford,1976-11-01,98.9561973196056
190,Gerald Rudolph Ford,1976-12-01,99.0273845435474
191,Gerald Rudolph Ford,1977-01-01,99.1519270223098
192,James Earl Carter,1977-02-01,99.3283930364324
193,James Earl Carter,1977-03-01,99.5486041018915
194,James Earl Carter,1977-04-01,99.7915863992432
195,James Earl Carter,1977-05-01,100.029846231253
196,James Earl Carter,1977-06-01,100.233938405703
197,James Earl Carter,1977-07-01,100.377361815872
198,James Earl Carter,1977-08-01,100.441805902358
199,James Earl Carter,1977-09-01,100.426650694666
200,James Earl Carter,1977-10-01,100.363853094811
201,James Earl Carter,1977-11-01,100.301864628231
202,James Earl Carter,1977-12-01,100.293123819395
203,James Earl Carter,1978-01-01,100.38189926705
204,James Earl Carter,1978-02-01,100.595152416163
205,James Earl Carter,1978-03-01,100.926298057931
206,James Earl Carter,1978-04-01,101.331790952615
207,James Earl Carter,1978-05-01,101.747111728922
208,James Earl Carter,1978-06-01,102.11979173242
209,James Earl Carter,1978-07-01,102.423476690985
210,James Earl Carter,1978-08-01,102.655591345277
211,James Earl Carter,1978-09-01,102.821086195895
212,James Earl Carter,1978-10-01,102.921179713824
213,James Earl Carter,1978-11-01,102.954341769326
214,James Earl Carter,1978-12-01,102.922149370671
215,James Earl Carter,1979-01-01,102.840062537949
216,James Earl Carter,1979-02-01,102.728711501131
217,James Earl Carter,1979-03-01,102.609021486062
218,James Earl Carter,1979-04-01,102.499757425285
219,James Earl Carter,1979-05-01,102.414460274898
220,James Earl Carter,1979-06-01,102.357937074518
221,James Earl Carter,1979-07-01,102.321286074366
222,James Earl Carter,1979-08-01,102.288434912082
223,James Earl Carter,1979-09-01,102.241419709378
224,James Earl Carter,1979-10-01,102.165590806873
225,James Earl Carter,1979-11-01,102.045810335177
226,James Earl Carter,1979-12-01,101.864963100397
227,James Earl Carter,1980-01-01,101.605858582127
228,James Earl Carter,1980-02-01,101.259041046685
229,James Earl Carter,1980-03-01,100.836151818307
230,James Earl Carter,1980-04-01,100.38916534961
231,James Earl Carter,1980-05-01,99.9857414765455
232,James Earl Carter,1980-06-01,99.6872234046052
233,James Earl Carter,1980-07-01,99.5244668125119
234,James Earl Carter,1980-08-01,99.5069260810218
235,James Earl Carter,1980-09-01,99.6215735812111
236,James Earl Carter,1980-10-01,99.8380308776956
237,James Earl Carter,1980-11-01,100.110032066165
238,James Earl Carter,1980-12-01,100.386505729975
239,James Earl Carter,1981-01-01,100.618842220169
240,Ronald Wilson Reagan,1981-02-01,100.770706135425
241,Ronald Wilson Reagan,1981-03-01,100.831063808374
242,Ronald Wilson Reagan,1981-04-01,100.818320188394
243,Ronald Wilson Reagan,1981-05-01,100.764078894656
244,Ronald Wilson Reagan,1981-06-01,100.68759151726
245,Ronald Wilson Reagan,1981-07-01,100.573237686558
246,Ronald Wilson Reagan,1981-08-01,100.389762874462
247,Ronald Wilson Reagan,1981-09-01,100.11203135738
248,Ronald Wilson Reagan,1981-10-01,99.7472302639268
249,Ronald Wilson Reagan,1981-11-01,99.3205015897519
250,Ronald Wilson Reagan,1981-12-01,98.8666468304033
251,Ronald Wilson Reagan,1982-01-01,98.4262687719441
252,Ronald Wilson Reagan,1982-02-01,98.0348540041535
253,Ronald Wilson Reagan,1982-03-01,97.7111528482549
254,Ronald Wilson Reagan,1982-04-01,97.4421247492692
255,Ronald Wilson Reagan,1982-05-01,97.2032406973117
256,Ronald Wilson Reagan,1982-06-01,96.9741713072628
257,Ronald Wilson Reagan,1982-07-01,96.751854109723
258,Ronald Wilson Reagan,1982-08-01,96.5460005083904
259,Ronald Wilson Reagan,1982-09-01,96.3739551077626
260,Ronald Wilson Reagan,1982-10-01,96.2542231188773
261,Ronald Wilson Reagan,1982-11-01,96.205709816991
262,Ronald Wilson Reagan,1982-12-01,96.2429612427321
263,Ronald Wilson Reagan,1983-01-01,96.3659661212912
264,Ronald Wilson Reagan,1983-02-01,96.5683024549231
265,Ronald Wilson Reagan,1983-03-01,96.838595254521
266,Ronald Wilson Reagan,1983-04-01,97.1557642698568
267,Ronald Wilson Reagan,1983-05-01,97.498069541037
268,Ronald Wilson Reagan,1983-06-01,97.848400617451
269,Ronald Wilson Reagan,1983-07-01,98.1973749888902
270,Ronald Wilson Reagan,1983-08-01,98.5409156887855
271,Ronald Wilson Reagan,1983-09-01,98.877419936772
272,Ronald Wilson Reagan,1983-10-01,99.2048099582129
273,Ronald Wilson Reagan,1983-11-01,99.5201522292564
274,Ronald Wilson Reagan,1983-12-01,99.8194793947846
275,Ronald Wilson Reagan,1984-01-01,100.098044808709
276,Ronald Wilson Reagan,1984-02-01,100.349503515833
277,Ronald Wilson Reagan,1984-03-01,100.566191952755
278,Ronald Wilson Reagan,1984-04-01,100.740994132985
279,Ronald Wilson Reagan,1984-05-01,100.867467375613
280,Ronald Wilson Reagan,1984-06-01,100.942656153143
281,Ronald Wilson Reagan,1984-07-01,100.973058578224
282,Ronald Wilson Reagan,1984-08-01,100.968778763002
283,Ronald Wilson Reagan,1984-09-01,100.940672971575
284,Ronald Wilson Reagan,1984-10-01,100.899821711659
285,Ronald Wilson Reagan,1984-11-01,100.855807662418
286,Ronald Wilson Reagan,1984-12-01,100.815805247221
287,Ronald Wilson Reagan,1985-01-01,100.783802008242
288,Ronald Wilson Reagan,1985-02-01,100.762633297598
289,Ronald Wilson Reagan,1985-03-01,100.755337122487
290,Ronald Wilson Reagan,1985-04-01,100.765640516673
291,Ronald Wilson Reagan,1985-05-01,100.795740790767
292,Ronald Wilson Reagan,1985-06-01,100.842759497664
293,Ronald Wilson Reagan,1985-07-01,100.893705772503
294,Ronald Wilson Reagan,1985-08-01,100.932660471448
295,Ronald Wilson Reagan,1985-09-01,100.947583802964
296,Ronald Wilson Reagan,1985-10-01,100.937891024978
297,Ronald Wilson Reagan,1985-11-01,100.907927360421
298,Ronald Wilson Reagan,1985-12-01,100.862201193827
299,Ronald Wilson Reagan,1986-01-01,100.802097959024
300,Ronald Wilson Reagan,1986-02-01,100.727803537221
301,Ronald Wilson Reagan,1986-03-01,100.64126827805
302,Ronald Wilson Reagan,1986-04-01,100.550192220836
303,Ronald Wilson Reagan,1986-05-01,100.463133836379
304,Ronald Wilson Reagan,1986-06-01,100.385059231273
305,Ronald Wilson Reagan,1986-07-01,100.312719429429
306,Ronald Wilson Reagan,1986-08-01,100.23991182126
307,Ronald Wilson Reagan,1986-09-01,100.16234748977
308,Ronald Wilson Reagan,1986-10-01,100.082578692526
309,Ronald Wilson Reagan,1986-11-01,100.0068915358
310,Ronald Wilson Reagan,1986-12-01,99.9424755411513
311,Ronald Wilson Reagan,1987-01-01,99.8944255549036
312,Ronald Wilson Reagan,1987-02-01,99.8663086351283
313,Ronald Wilson Reagan,1987-03-01,99.8596458424195
314,Ronald Wilson Reagan,1987-04-01,99.87205406254
315,Ronald Wilson Reagan,1987-05-01,99.9009061890941
316,Ronald Wilson Reagan,1987-06-01,99.9456818474289
317,Ronald Wilson Reagan,1987-07-01,100.009211998653
318,Ronald Wilson Reagan,1987-08-01,100.093786236465
319,Ronald Wilson Reagan,1987-09-01,100.195997991157
320,Ronald Wilson Reagan,1987-10-01,100.300141515987
321,Ronald Wilson Reagan,1987-11-01,100.387968205685
322,Ronald Wilson Reagan,1987-12-01,100.448370342667
323,Ronald Wilson Reagan,1988-01-01,100.488283119798
324,Ronald Wilson Reagan,1988-02-01,100.521495447208
325,Ronald Wilson Reagan,1988-03-01,100.55904236946
326,Ronald Wilson Reagan,1988-04-01,100.600234520305
327,Ronald Wilson Reagan,1988-05-01,100.639981044178
328,Ronald Wilson Reagan,1988-06-01,100.675944905658
329,Ronald Wilson Reagan,1988-07-01,100.715902100451
330,Ronald Wilson Reagan,1988-08-01,100.770831997217
331,Ronald Wilson Reagan,1988-09-01,100.84788871025
332,Ronald Wilson Reagan,1988-10-01,100.942448736461
333,Ronald Wilson Reagan,1988-11-01,101.044177390042
334,Ronald Wilson Reagan,1988-12-01,101.141950441178
335,Ronald Wilson Reagan,1989-01-01,101.228396439124
336,George Herbert Walker Bush,1989-02-01,101.298673855683
337,George Herbert Walker Bush,1989-03-01,101.350201098893
338,George Herbert Walker Bush,1989-04-01,101.383686675498
339,George Herbert Walker Bush,1989-05-01,101.400596659395
340,George Herbert Walker Bush,1989-06-01,101.402075107065
341,George Herbert Walker Bush,1989-07-01,101.389216848223
342,George Herbert Walker Bush,1989-08-01,101.364263280568
343,George Herbert Walker Bush,1989-09-01,101.33298088668
344,George Herbert Walker Bush,1989-10-01,101.308053043559
345,George Herbert Walker Bush,1989-11-01,101.301899020396
346,George Herbert Walker Bush,1989-12-01,101.319236312393
347,George Herbert Walker Bush,1990-01-01,101.348453693417
348,George Herbert Walker Bush,1990-02-01,101.370024892938
349,George Herbert Walker Bush,1990-03-01,101.36416056418
350,George Herbert Walker Bush,1990-04-01,101.31911795586
351,George Herbert Walker Bush,1990-05-01,101.226636691855
352,George Herbert Walker Bush,1990-06-01,101.080296174415
353,George Herbert Walker Bush,1990-07-01,100.877370831326
354,George Herbert Walker Bush,1990-08-01,100.618500077704
355,George Herbert Walker Bush,1990-09-01,100.311470685672
356,George Herbert Walker Bush,1990-10-01,99.9789698448628
357,George Herbert Walker Bush,1990-11-01,99.6497013388947
358,George Herbert Walker Bush,1990-12-01,99.3516089089638
359,George Herbert Walker Bush,1991-01-01,99.1051677654964
360,George Herbert Walker Bush,1991-02-01,98.9238090793753
361,George Herbert Walker Bush,1991-03-01,98.8106838461106
362,George Herbert Walker Bush,1991-04-01,98.7507378452194
363,George Herbert Walker Bush,1991-05-01,98.7229856697556
364,George Herbert Walker Bush,1991-06-01,98.7087938332965
365,George Herbert Walker Bush,1991-07-01,98.6977897664346
366,George Herbert Walker Bush,1991-08-01,98.6873370125227
367,George Herbert Walker Bush,1991-09-01,98.6817150133498
368,George Herbert Walker Bush,1991-10-01,98.6911735162328
369,George Herbert Walker Bush,1991-11-01,98.7274459025423
370,George Herbert Walker Bush,1991-12-01,98.7980925019642
371,George Herbert Walker Bush,1992-01-01,98.898786476235
372,George Herbert Walker Bush,1992-02-01,99.0200863094463
373,George Herbert Walker Bush,1992-03-01,99.1518595678433
374,George Herbert Walker Bush,1992-04-01,99.2860596445574
375,George Herbert Walker Bush,1992-05-01,99.4165798644063
376,George Herbert Walker Bush,1992-06-01,99.5387492618477
377,George Herbert Walker Bush,1992-07-01,99.6488994302797
378,George Herbert Walker Bush,1992-08-01,99.7426127792156
379,George Herbert Walker Bush,1992-09-01,99.8136372869284
380,George Herbert Walker Bush,1992-10-01,99.8537920760859
381,George Herbert Walker Bush,1992-11-01,99.8556317556415
382,George Herbert Walker Bush,1992-12-01,99.8171269627484
383,George Herbert Walker Bush,1993-01-01,99.748851101012
384,William Jefferson Clinton,1993-02-01,99.6661448138149
385,William Jefferson Clinton,1993-03-01,99.5832834691934
386,William Jefferson Clinton,1993-04-01,99.5085841372894
387,William Jefferson Clinton,1993-05-01,99.4478644529141
388,William Jefferson Clinton,1993-06-01,99.4071343835185
389,William Jefferson Clinton,1993-07-01,99.3941082243303
390,William Jefferson Clinton,1993-08-01,99.416051935583
391,William Jefferson Clinton,1993-09-01,99.4754787638956
392,William Jefferson Clinton,1993-10-01,99.5631324062589
393,William Jefferson Clinton,1993-11-01,99.6660268988578
394,William Jefferson Clinton,1993-12-01,99.7732109399279
395,William Jefferson Clinton,1994-01-01,99.880220757023
396,William Jefferson Clinton,1994-02-01,99.9854244330249
397,William Jefferson Clinton,1994-03-01,100.08614931229
398,William Jefferson Clinton,1994-04-01,100.174709355013
399,William Jefferson Clinton,1994-05-01,100.242600170137
400,William Jefferson Clinton,1994-06-01,100.285340564916
401,William Jefferson Clinton,1994-07-01,100.308552984382
402,William Jefferson Clinton,1994-08-01,100.32015537653
403,William Jefferson Clinton,1994-09-01,100.323767463127
404,William Jefferson Clinton,1994-10-01,100.312790314927
405,William Jefferson Clinton,1994-11-01,100.276481586433
406,William Jefferson Clinton,1994-12-01,100.206864165231
407,William Jefferson Clinton,1995-01-01,100.107206013352
408,William Jefferson Clinton,1995-02-01,99.9866853145915
409,William Jefferson Clinton,1995-03-01,99.857070538362
410,William Jefferson Clinton,1995-04-01,99.7307841191697
411,William Jefferson Clinton,1995-05-01,99.618392190428
412,William Jefferson Clinton,1995-06-01,99.525764211476
413,William Jefferson Clinton,1995-07-01,99.4501308594029
414,William Jefferson Clinton,1995-08-01,99.3858310210611
415,William Jefferson Clinton,1995-09-01,99.3286248725083
416,William Jefferson Clinton,1995-10-01,99.2790024479971
417,William Jefferson Clinton,1995-11-01,99.2414725281783
418,William Jefferson Clinton,1995-12-01,99.2231615662596
419,William Jefferson Clinton,1996-01-01,99.2314039755848
420,William Jefferson Clinton,1996-02-01,99.2713194990395
421,William Jefferson Clinton,1996-03-01,99.3413177869327
422,William Jefferson Clinton,1996-04-01,99.4261284325655
423,William Jefferson Clinton,1996-05-01,99.5061976683908
424,William Jefferson Clinton,1996-06-01,99.5657919135081
425,William Jefferson Clinton,1996-07-01,99.6012286680276
426,William Jefferson Clinton,1996-08-01,99.615217545363
427,William Jefferson Clinton,1996-09-01,99.6127489832921
428,William Jefferson Clinton,1996-10-01,99.5983667313921
429,William Jefferson Clinton,1996-11-01,99.5775208052316
430,William Jefferson Clinton,1996-12-01,99.5586275383648
431,William Jefferson Clinton,1997-01-01,99.555453547721
432,William Jefferson Clinton,1997-02-01,99.5814728097117
433,William Jefferson Clinton,1997-03-01,99.6430276360611
434,William Jefferson Clinton,1997-04-01,99.7302793549566
435,William Jefferson Clinton,1997-05-01,99.8262753224694
436,William Jefferson Clinton,1997-06-01,99.9139783375945
437,William Jefferson Clinton,1997-07-01,99.9825296089879
438,William Jefferson Clinton,1997-08-01,100.02602286881
439,William Jefferson Clinton,1997-09-01,100.043531543739
440,William Jefferson Clinton,1997-10-01,100.040812674022
441,William Jefferson Clinton,1997-11-01,100.026011875349
442,William Jefferson Clinton,1997-12-01,100.0067764542
443,William Jefferson Clinton,1998-01-01,99.9882154219824
444,William Jefferson Clinton,1998-02-01,99.9743739084509
445,William Jefferson Clinton,1998-03-01,99.9696294214565
446,William Jefferson Clinton,1998-04-01,99.9797282346826
447,William Jefferson Clinton,1998-05-01,100.010769167203
448,William Jefferson Clinton,1998-06-01,100.067128129782
449,William Jefferson Clinton,1998-07-01,100.147881608533
450,William Jefferson Clinton,1998-08-01,100.248391910197
451,William Jefferson Clinton,1998-09-01,100.360111364547
452,William Jefferson Clinton,1998-10-01,100.468949720102
453,William Jefferson Clinton,1998-11-01,100.560344978929
454,William Jefferson Clinton,1998-12-01,100.62454430958
455,William Jefferson Clinton,1999-01-01,100.663129555539
456,William Jefferson Clinton,1999-02-01,100.684204189842
457,William Jefferson Clinton,1999-03-01,100.699456203594
458,William Jefferson Clinton,1999-04-01,100.722555067801
459,William Jefferson Clinton,1999-05-01,100.766092936329
460,William Jefferson Clinton,1999-06-01,100.83808055113
461,William Jefferson Clinton,1999-07-01,100.937073616344
462,William Jefferson Clinton,1999-08-01,101.055604025132
463,William Jefferson Clinton,1999-09-01,101.181719823544
464,William Jefferson Clinton,1999-10-01,101.299193391259
465,William Jefferson Clinton,1999-11-01,101.394160076809
466,William Jefferson Clinton,1999-12-01,101.462464284274
467,William Jefferson Clinton,2000-01-01,101.518670486628
468,William Jefferson Clinton,2000-02-01,101.580991171171
469,William Jefferson Clinton,2000-03-01,101.657214379268
470,William Jefferson Clinton,2000-04-01,101.730327352468
471,William Jefferson Clinton,2000-05-01,101.773671861352
472,William Jefferson Clinton,2000-06-01,101.766413760101
473,William Jefferson Clinton,2000-07-01,101.711190164233
474,William Jefferson Clinton,2000-08-01,101.620119617166
475,William Jefferson Clinton,2000-09-01,101.504393989641
476,William Jefferson Clinton,2000-10-01,101.366685528654
477,William Jefferson Clinton,2000-11-01,101.205873106944
478,William Jefferson Clinton,2000-12-01,101.023474311466
479,William Jefferson Clinton,2001-01-01,100.831809729937
480,George Walker Bush,2001-02-01,100.644742236702
481,George Walker Bush,2001-03-01,100.469373483105
482,George Walker Bush,2001-04-01,100.297687648932
483,George Walker Bush,2001-05-01,100.117149907496
484,George Walker Bush,2001-06-01,99.9210368246277
485,George Walker Bush,2001-07-01,99.7193782494064
486,George Walker Bush,2001-08-01,99.5301533429651
487,George Walker Bush,2001-09-01,99.3711263991515
488,George Walker Bush,2001-10-01,99.2510333027554
489,George Walker Bush,2001-11-01,99.1725094933929
490,George Walker Bush,2001-12-01,99.1322434365728
491,George Walker Bush,2002-01-01,99.1181657961258
492,George Walker Bush,2002-02-01,99.1152825843067
493,George Walker Bush,2002-03-01,99.1096099917417
494,George Walker Bush,2002-04-01,99.0913083621356
495,George Walker Bush,2002-05-01,99.0536255863811
496,George Walker Bush,2002-06-01,98.9927415153186
497,George Walker Bush,2002-07-01,98.9089818556649
498,George Walker Bush,2002-08-01,98.8055739615516
499,George Walker Bush,2002-09-01,98.6890286441718
500,George Walker Bush,2002-10-01,98.5709094645138
501,George Walker Bush,2002-11-01,98.4648680712704
502,George Walker Bush,2002-12-01,98.3838318529724
503,George Walker Bush,2003-01-01,98.336362083943
504,George Walker Bush,2003-02-01,98.329316554137
505,George Walker Bush,2003-03-01,98.3680594627888
506,George Walker Bush,2003-04-01,98.4537253359928
507,George Walker Bush,2003-05-01,98.5843867123269
508,George Walker Bush,2003-06-01,98.7527561906264
509,George Walker Bush,2003-07-01,98.940533228337
510,George Walker Bush,2003-08-01,99.1257456646932
511,George Walker Bush,2003-09-01,99.2886479481378
512,George Walker Bush,2003-10-01,99.4177730610652
513,George Walker Bush,2003-11-01,99.5078808878274
514,George Walker Bush,2003-12-01,99.5602373444464
515,George Walker Bush,2004-01-01,99.5856052400423
516,George Walker Bush,2004-02-01,99.5980540077003
517,George Walker Bush,2004-03-01,99.6107055528089
518,George Walker Bush,2004-04-01,99.6324452833308
519,George Walker Bush,2004-05-01,99.6689650664718
520,George Walker Bush,2004-06-01,99.7231775777361
521,George Walker Bush,2004-07-01,99.7945938457909
522,George Walker Bush,2004-08-01,99.8811184713881
523,George Walker Bush,2004-09-01,99.9796386294094
524,George Walker Bush,2004-10-01,100.085566649524
525,George Walker Bush,2004-11-01,100.193214171928
526,George Walker Bush,2004-12-01,100.295689488284
527,George Walker Bush,2005-01-01,100.384737956858
528,George Walker Bush,2005-02-01,100.453075256277
529,George Walker Bush,2005-03-01,100.497772120185
530,George Walker Bush,2005-04-01,100.525208123891
531,George Walker Bush,2005-05-01,100.545365859751
532,George Walker Bush,2005-06-01,100.567498899617
533,George Walker Bush,2005-07-01,100.596485089916
534,George Walker Bush,2005-08-01,100.63525094956
535,George Walker Bush,2005-09-01,100.686860367942
536,George Walker Bush,2005-10-01,100.75606692014
537,George Walker Bush,2005-11-01,100.84553550219
538,George Walker Bush,2005-12-01,100.950972748048
539,George Walker Bush,2006-01-01,101.054957965609
540,George Walker Bush,2006-02-01,101.136200480201
541,George Walker Bush,2006-03-01,101.17911886822
542,George Walker Bush,2006-04-01,101.185245371664
543,George Walker Bush,2006-05-01,101.16533727562
544,George Walker Bush,2006-06-01,101.134309656152
545,George Walker Bush,2006-07-01,101.108282151645
546,George Walker Bush,2006-08-01,101.10045947026
547,George Walker Bush,2006-09-01,101.116935146007
548,George Walker Bush,2006-10-01,101.151439374003
549,George Walker Bush,2006-11-01,101.193272614176
550,George Walker Bush,2006-12-01,101.234158220191
551,George Walker Bush,2007-01-01,101.274806197236
552,George Walker Bush,2007-02-01,101.32033601611
553,George Walker Bush,2007-03-01,101.375959287963
554,George Walker Bush,2007-04-01,101.442552257001
555,George Walker Bush,2007-05-01,101.518221478854
556,George Walker Bush,2007-06-01,101.599310784459
557,George Walker Bush,2007-07-01,101.680984121254
558,George Walker Bush,2007-08-01,101.756976829193
559,George Walker Bush,2007-09-01,101.819527324146
560,George Walker Bush,2007-10-01,101.859937884132
561,George Walker Bush,2007-11-01,101.871478505767
562,George Walker Bush,2007-12-01,101.854079289574
563,George Walker Bush,2008-01-01,101.821253601679
564,George Walker Bush,2008-02-01,101.787249828107
565,George Walker Bush,2008-03-01,101.755509361006
566,George Walker Bush,2008-04-01,101.707408751902
567,George Walker Bush,2008-05-01,101.612421496877
568,George Walker Bush,2008-06-01,101.439636578967
569,George Walker Bush,2008-07-01,101.172757376306
570,George Walker Bush,2008-08-01,100.807365264829
571,George Walker Bush,2008-09-01,100.354852886274
572,George Walker Bush,2008-10-01,99.8531324936397
573,George Walker Bush,2008-11-01,99.3491846766042
574,George Walker Bush,2008-12-01,98.8856054091975
575,George Walker Bush,2009-01-01,98.4878602519604
576,Barack Obama,2009-02-01,98.1712300493952
577,Barack Obama,2009-03-01,97.9428976140499
578,Barack Obama,2009-04-01,97.7981106813903
579,Barack Obama,2009-05-01,97.7292368403255
580,Barack Obama,2009-06-01,97.728635775675
581,Barack Obama,2009-07-01,97.7859933586904
582,Barack Obama,2009-08-01,97.8912269193203
583,Barack Obama,2009-09-01,98.0331225249217
584,Barack Obama,2009-10-01,98.1944009151793
585,Barack Obama,2009-11-01,98.3586200097827
586,Barack Obama,2009-12-01,98.5155920094857
587,Barack Obama,2010-01-01,98.6664805225417
588,Barack Obama,2010-02-01,98.8174932068943
589,Barack Obama,2010-03-01,98.9737951413022
590,Barack Obama,2010-04-01,99.1331981432141
591,Barack Obama,2010-05-01,99.2890792047375
592,Barack Obama,2010-06-01,99.4329054908628
593,Barack Obama,2010-07-01,99.5568426565658
594,Barack Obama,2010-08-01,99.6532463170637
595,Barack Obama,2010-09-01,99.7153948864096
596,Barack Obama,2010-10-01,99.7400111553079
597,Barack Obama,2010-11-01,99.7271458549314
598,Barack Obama,2010-12-01,99.6825462183648
599,Barack Obama,2011-01-01,99.6224903345069
600,Barack Obama,2011-02-01,99.5651944640827
601,Barack Obama,2011-03-01,99.523202703265
602,Barack Obama,2011-04-01,99.4954544513331
603,Barack Obama,2011-05-01,99.4766861265334
604,Barack Obama,2011-06-01,99.4655765396401
605,Barack Obama,2011-07-01,99.4720399341413
606,Barack Obama,2011-08-01,99.5096661575375
607,Barack Obama,2011-09-01,99.5867503486847
608,Barack Obama,2011-10-01,99.6948767495713
609,Barack Obama,2011-11-01,99.8177238971808
610,Barack Obama,2011-12-01,99.9374182555761
611,Barack Obama,2012-01-01,100.039663822988
612,Barack Obama,2012-02-01,100.113372578225
613,Barack Obama,2012-03-01,100.151363425107
614,Barack Obama,2012-04-01,100.15291246932
615,Barack Obama,2012-05-01,100.120760360245
616,Barack Obama,2012-06-01,100.060546606586
617,Barack Obama,2012-07-01,99.9824859648138
618,Barack Obama,2012-08-01,99.8987440306267
619,Barack Obama,2012-09-01,99.8219713317347
620,Barack Obama,2012-10-01,99.7641342851659
621,Barack Obama,2012-11-01,99.7341622146274
622,Barack Obama,2012-12-01,99.7341186503126
623,Barack Obama,2013-01-01,99.7532267896995
624,Barack Obama,2013-02-01,99.7773358500875
625,Barack Obama,2013-03-01,99.7968252462718
626,Barack Obama,2013-04-01,99.8139894106432
627,Barack Obama,2013-05-01,99.8361146329625
628,Barack Obama,2013-06-01,99.8685952641799
629,Barack Obama,2013-07-01,99.9075681546966
630,Barack Obama,2013-08-01,99.9436083009112
631,Barack Obama,2013-09-01,99.9648149785999
632,Barack Obama,2013-10-01,99.959981659165
633,Barack Obama,2013-11-01,99.9232662075671
634,Barack Obama,2013-12-01,99.8605717551101
635,Barack Obama,2014-01-01,99.7980124760459
636,Barack Obama,2014-02-01,99.7673835588273
637,Barack Obama,2014-03-01,99.7916658066929
638,Barack Obama,2014-04-01,99.8682130671517
639,Barack Obama,2014-05-01,99.9812097396665
640,Barack Obama,2014-06-01,100.110124424574
641,Barack Obama,2014-07-01,100.235423423764
642,Barack Obama,2014-08-01,100.34184133111
643,Barack Obama,2014-09-01,100.421831703989
644,Barack Obama,2014-10-01,100.480260791715
645,Barack Obama,2014-11-01,100.526570991259
646,Barack Obama,2014-12-01,100.568392196464
647,Barack Obama,2015-01-01,100.605960874415
648,Barack Obama,2015-02-01,100.634988783211
649,Barack Obama,2015-03-01,100.649770913715
650,Barack Obama,2015-04-01,100.646841986338
651,Barack Obama,2015-05-01,100.623964975404
652,Barack Obama,2015-06-01,100.580345620817
653,Barack Obama,2015-07-01,100.518233368119
654,Barack Obama,2015-08-01,100.441532922856
655,Barack Obama,2015-09-01,100.355723424411
656,Barack Obama,2015-10-01,100.268806964958
657,Barack Obama,2015-11-01,100.188502763185
658,Barack Obama,2015-12-01,100.119541877872
659,Barack Obama,2016-01-01,100.0605042574
660,Barack Obama,2016-02-01,100.007938535793
661,Barack Obama,2016-03-01,99.9597274781903
662,Barack Obama,2016-04-01,99.9179566053116
663,Barack Obama,2016-05-01,99.8862344772027
664,Barack Obama,2016-06-01,99.8665564259054
665,Barack Obama,2016-07-01,99.8554478911114
666,Barack Obama,2016-08-01,99.8471825162262
667,Barack Obama,2016-09-01,99.8363485204866
668,Barack Obama,2016-10-01,99.82018142493
669,Barack Obama,2016-11-01,99.7979903600229
670,Barack Obama,2016-12-01,99.7709515795082
671,Barack Obama,2017-01-01,99.7423194185137
672,Donald Trump,2017-02-01,99.7166607778303
673,Donald Trump,2017-03-01,99.6992013926862
674,Donald Trump,2017-04-01,99.6949592492486
675,Donald Trump,2017-05-01,99.7088263240887
676,Donald Trump,2017-06-01,99.7446978828329
677,Donald Trump,2017-07-01,99.803295098889
678,Donald Trump,2017-08-01,99.8831191704364
679,Donald Trump,2017-09-01,99.9797465179416
680,Donald Trump,2017-10-01,100.083570262973
681,Donald Trump,2017-11-01,100.183357377792
682,Donald Trump,2017-12-01,100.269273836117
683,Donald Trump,2018-01-01,100.336188815514
684,Donald Trump,2018-02-01,100.381778432953
685,Donald Trump,2018-03-01,100.405979700538
686,Donald Trump,2018-04-01,100.411968198089
687,Donald Trump,2018-05-01,100.402998206343
688,Donald Trump,2018-06-01,100.380576226786
689,Donald Trump,2018-07-01,100.343744300944
690,Donald Trump,2018-08-01,100.291331077063
691,Donald Trump,2018-09-01,100.225259945339
692,Donald Trump,2018-10-01,100.154986898952
693,Donald Trump,2018-11-01,100.09313248977
694,Donald Trump,2018-12-01,100.051504960304
695,Donald Trump,2019-01-01,100.036611934098
696,Donald Trump,2019-02-01,100.052010556415
697,Donald Trump,2019-03-01,100.09876594709
698,Donald Trump,2019-04-01,100.173762230123
699,Donald Trump,2019-05-01,100.271711424711
700,Donald Trump,2019-06-01,100.385149075711
701,Donald Trump,2019-07-01,100.502798237549
702,Donald Trump,2019-08-01,100.613198668504
703,Donald Trump,2019-09-01,100.708065425414
704,Donald Trump,2019-10-01,100.786194723471
705,Donald Trump,2019-11-01,100.848631549549
706,Donald Trump,2019-12-01,100.895054694624
707,Donald Trump,2020-01-01,100.921322404641
708,Donald Trump,2020-02-01,100.919956201596
709,Donald Trump,2020-03-01,95.5754973057712
710,Donald Trump,2020-04-01,93.2335280529988
711,Donald Trump,2020-05-01,92.0308488786398
712,Donald Trump,2020-06-01,93.9189830743347
713,Donald Trump,2020-07-01,95.7880241313167
714,Donald Trump,2020-08-01,97.6340356955629
715,Donald Trump,2020-09-01,97.7792688056592
716,Donald Trump,2020-10-01,97.9269552867716
717,Donald Trump,2020-11-01,98.0877507009258
718,Donald Trump,2020-12-01,98.3679454870041
719,Donald Trump,2021-01-01,98.6702821374027
